query,positive_dag_id,negative_dag_id,negative_type,neg_tools,neg_edges,neg_dag_text
Time to back out the deployment on auth-svc-04 and at the same time file an incident report about staging-db-02 and recover Finance's data from backup.,433,neg_0,swap_edges,rollback_deployment;create_ticket;restore_backup,0->2;2->1,"restore_backup -> create_ticket, rollback_deployment -> restore_backup"
Time to back out the deployment on auth-svc-04 and at the same time file an incident report about staging-db-02 and recover Finance's data from backup.,433,neg_1,swap_tools,db_write;create_ticket;update_subscription,0->1;0->2,"db_write -> create_ticket, db_write -> update_subscription"
Time to back out the deployment on auth-svc-04 and at the same time file an incident report about staging-db-02 and recover Finance's data from backup.,433,neg_2,remove_edge,rollback_deployment;create_ticket;restore_backup,0->2,rollback_deployment -> restore_backup
Time to back out the deployment on auth-svc-04 and at the same time file an incident report about staging-db-02 and recover Finance's data from backup.,433,neg_3,add_edge,rollback_deployment;create_ticket;restore_backup,0->1;0->2;2->1,"restore_backup -> create_ticket, rollback_deployment -> create_ticket, rollback_deployment -> restore_backup"
Time to back out the deployment on auth-svc-04 and at the same time file an incident report about staging-db-02 and recover Finance's data from backup.,433,neg_4,extra_node,rollback_deployment;create_ticket;restore_backup;deploy_container,0->1;0->2;3->0,"deploy_container -> rollback_deployment, rollback_deployment -> create_ticket, rollback_deployment -> restore_backup"
"Time to query the database about #60122. Once that's done, refund Grace. Last step: record the event in Marketing's log.",81,neg_5,swap_edges,db_read;process_refund;log_audit_event,1->2;0->2,"db_read -> log_audit_event, process_refund -> log_audit_event"
"Time to query the database about #60122. Once that's done, refund Grace. Last step: record the event in Marketing's log.",81,neg_6,swap_tools,reset_password;disable_feature_flag;deploy_container,0->1;1->2,"disable_feature_flag -> deploy_container, reset_password -> disable_feature_flag"
"Time to query the database about #60122. Once that's done, refund Grace. Last step: record the event in Marketing's log.",81,neg_7,remove_edge,db_read;process_refund;log_audit_event,1->2,process_refund -> log_audit_event
"Time to query the database about #60122. Once that's done, refund Grace. Last step: record the event in Marketing's log.",81,neg_8,add_edge,db_read;process_refund;log_audit_event,0->1;1->2;0->2,"db_read -> log_audit_event, db_read -> process_refund, process_refund -> log_audit_event"
"Time to query the database about #60122. Once that's done, refund Grace. Last step: record the event in Marketing's log.",81,neg_9,extra_node,db_read;process_refund;log_audit_event;schedule_maintenance,0->1;1->2;1->3,"db_read -> process_refund, process_refund -> log_audit_event, process_refund -> schedule_maintenance"
"Hey, can you dump the database on prod-web-01, followed by push the container image for HR.",185,neg_10,swap_tools,schedule_maintenance;generate_report,0->1,schedule_maintenance -> generate_report
"Hey, can you dump the database on prod-web-01, followed by push the container image for HR.",185,neg_11,extra_node,backup_database;deploy_container;approve_access,0->1;2->1,"approve_access -> deploy_container, backup_database -> deploy_container"
"Do me a favor and spin up a VM for HR. Once that's done, send a heads-up to Legal.",79,neg_12,swap_tools,archive_data;create_ticket,0->1,archive_data -> create_ticket
"Do me a favor and spin up a VM for HR. Once that's done, send a heads-up to Legal.",79,neg_13,extra_node,provision_vm;send_notification;update_subscription,0->1;2->1,"provision_vm -> send_notification, update_subscription -> send_notification"
"Quick one — investigate auth-svc-04 for infections. Next, pull staging-db-02 from production — in parallel, ping Grace about it and record the event in HR's log.",142,neg_14,swap_edges,scan_malware;quarantine_system;send_notification;log_audit_event,2->3;1->2;1->3,"quarantine_system -> log_audit_event, quarantine_system -> send_notification, send_notification -> log_audit_event"
"Quick one — investigate auth-svc-04 for infections. Next, pull staging-db-02 from production — in parallel, ping Grace about it and record the event in HR's log.",142,neg_15,swap_tools,revoke_access;create_ticket;provision_vm;enable_feature_flag,0->1;1->2;1->3,"create_ticket -> enable_feature_flag, create_ticket -> provision_vm, revoke_access -> create_ticket"
"Quick one — investigate auth-svc-04 for infections. Next, pull staging-db-02 from production — in parallel, ping Grace about it and record the event in HR's log.",142,neg_16,remove_edge,scan_malware;quarantine_system;send_notification;log_audit_event,1->2;1->3,"quarantine_system -> log_audit_event, quarantine_system -> send_notification"
"Quick one — investigate auth-svc-04 for infections. Next, pull staging-db-02 from production — in parallel, ping Grace about it and record the event in HR's log.",142,neg_17,add_edge,scan_malware;quarantine_system;send_notification;log_audit_event,0->1;1->2;1->3;0->2,"quarantine_system -> log_audit_event, quarantine_system -> send_notification, scan_malware -> quarantine_system, scan_malware -> send_notification"
"Quick one — investigate auth-svc-04 for infections. Next, pull staging-db-02 from production — in parallel, ping Grace about it and record the event in HR's log.",142,neg_18,extra_node,scan_malware;quarantine_system;send_notification;log_audit_event;generate_report,0->1;1->2;1->3;4->2,"generate_report -> send_notification, quarantine_system -> log_audit_event, quarantine_system -> send_notification, scan_malware -> quarantine_system"
"Check the DB records and scan staging-db-02 for threats, then dump it all in the audit log.",12,neg_19,swap_edges,db_read;scan_malware;log_audit_event,1->0;2->1,"log_audit_event -> scan_malware, scan_malware -> db_read"
"Check the DB records and scan staging-db-02 for threats, then dump it all in the audit log.",12,neg_20,swap_tools,reset_password;deploy_container;provision_vm,0->2;1->2,"deploy_container -> provision_vm, reset_password -> provision_vm"
"Check the DB records and scan staging-db-02 for threats, then dump it all in the audit log.",12,neg_21,remove_edge,db_read;scan_malware;log_audit_event,1->2,scan_malware -> log_audit_event
"Check the DB records and scan staging-db-02 for threats, then dump it all in the audit log.",12,neg_22,add_edge,db_read;scan_malware;log_audit_event,0->2;1->2;1->0,"db_read -> log_audit_event, scan_malware -> db_read, scan_malware -> log_audit_event"
"Check the DB records and scan staging-db-02 for threats, then dump it all in the audit log.",12,neg_23,extra_node,db_read;scan_malware;log_audit_event;transfer_ownership,0->2;1->2;0->3,"db_read -> log_audit_event, db_read -> transfer_ownership, scan_malware -> log_audit_event"
"Ticket INC-4021 says rotate the API key for payment-api-03, then pull Grace's credentials for ml-infer-05. End with grant Frank permissions to ml-infer-05.",321,neg_24,swap_edges,rotate_api_key;revoke_access;approve_access,2->1;2->0,"approve_access -> revoke_access, approve_access -> rotate_api_key"
"Ticket INC-4021 says rotate the API key for payment-api-03, then pull Grace's credentials for ml-infer-05. End with grant Frank permissions to ml-infer-05.",321,neg_25,swap_tools,schedule_maintenance;backup_database;disable_feature_flag,0->1;1->2,"backup_database -> disable_feature_flag, schedule_maintenance -> backup_database"
"Ticket INC-4021 says rotate the API key for payment-api-03, then pull Grace's credentials for ml-infer-05. End with grant Frank permissions to ml-infer-05.",321,neg_26,remove_edge,rotate_api_key;revoke_access;approve_access,0->1,rotate_api_key -> revoke_access
"Ticket INC-4021 says rotate the API key for payment-api-03, then pull Grace's credentials for ml-infer-05. End with grant Frank permissions to ml-infer-05.",321,neg_27,add_edge,rotate_api_key;revoke_access;approve_access,0->1;1->2;0->2,"revoke_access -> approve_access, rotate_api_key -> approve_access, rotate_api_key -> revoke_access"
"Ticket INC-4021 says rotate the API key for payment-api-03, then pull Grace's credentials for ml-infer-05. End with grant Frank permissions to ml-infer-05.",321,neg_28,extra_node,rotate_api_key;revoke_access;approve_access;run_pipeline,0->1;1->2;3->1,"revoke_access -> approve_access, rotate_api_key -> revoke_access, run_pipeline -> revoke_access"
"The Finance team needs us to downgrade Frank's account. Next, kill the feature toggle for Marketing.",174,neg_29,swap_tools,revoke_access;schedule_maintenance,0->1,revoke_access -> schedule_maintenance
"The Finance team needs us to downgrade Frank's account. Next, kill the feature toggle for Marketing.",174,neg_30,extra_node,update_subscription;disable_feature_flag;db_write,0->1;2->0,"db_write -> update_subscription, update_subscription -> disable_feature_flag"
"Bob is asking us to check if payment-api-03 is up. After that, log Frank's action for compliance. Last step: downgrade Bob's account.",308,neg_31,swap_edges,check_status;log_audit_event;update_subscription,2->0;1->0,"log_audit_event -> check_status, update_subscription -> check_status"
"Bob is asking us to check if payment-api-03 is up. After that, log Frank's action for compliance. Last step: downgrade Bob's account.",308,neg_32,swap_tools,log_audit_event;rollback_deployment;disable_feature_flag,0->1;1->2,"log_audit_event -> rollback_deployment, rollback_deployment -> disable_feature_flag"
"Bob is asking us to check if payment-api-03 is up. After that, log Frank's action for compliance. Last step: downgrade Bob's account.",308,neg_33,remove_edge,check_status;log_audit_event;update_subscription,1->2,log_audit_event -> update_subscription
"Bob is asking us to check if payment-api-03 is up. After that, log Frank's action for compliance. Last step: downgrade Bob's account.",308,neg_34,add_edge,check_status;log_audit_event;update_subscription,0->1;1->2;0->2,"check_status -> log_audit_event, check_status -> update_subscription, log_audit_event -> update_subscription"
"Bob is asking us to check if payment-api-03 is up. After that, log Frank's action for compliance. Last step: downgrade Bob's account.",308,neg_35,extra_node,check_status;log_audit_event;update_subscription;transfer_ownership,0->1;1->2;2->3,"check_status -> log_audit_event, log_audit_event -> update_subscription, update_subscription -> transfer_ownership"
"Do me a favor and quarantine cdn-edge-06, followed by log Alice's action for compliance.",63,neg_36,swap_tools,archive_data;run_pipeline,0->1,archive_data -> run_pipeline
"Do me a favor and quarantine cdn-edge-06, followed by log Alice's action for compliance.",63,neg_37,extra_node,quarantine_system;log_audit_event;check_status,0->1;2->0,"check_status -> quarantine_system, quarantine_system -> log_audit_event"
ASAP — reverse the charge on #31450 — then swap out cdn-edge-06's credentials. End with update Diana's record in the DB.,332,neg_38,swap_edges,process_refund;rotate_api_key;db_write,1->0;2->0,"db_write -> process_refund, rotate_api_key -> process_refund"
ASAP — reverse the charge on #31450 — then swap out cdn-edge-06's credentials. End with update Diana's record in the DB.,332,neg_39,swap_tools,run_pipeline;process_refund;restore_backup,0->1;1->2,"process_refund -> restore_backup, run_pipeline -> process_refund"
ASAP — reverse the charge on #31450 — then swap out cdn-edge-06's credentials. End with update Diana's record in the DB.,332,neg_40,remove_edge,process_refund;rotate_api_key;db_write,0->1,process_refund -> rotate_api_key
ASAP — reverse the charge on #31450 — then swap out cdn-edge-06's credentials. End with update Diana's record in the DB.,332,neg_41,add_edge,process_refund;rotate_api_key;db_write,0->1;1->2;0->2,"process_refund -> db_write, process_refund -> rotate_api_key, rotate_api_key -> db_write"
ASAP — reverse the charge on #31450 — then swap out cdn-edge-06's credentials. End with update Diana's record in the DB.,332,neg_42,extra_node,process_refund;rotate_api_key;db_write;backup_database,0->1;1->2;1->3,"process_refund -> rotate_api_key, rotate_api_key -> backup_database, rotate_api_key -> db_write"
"Eve is asking us to do a security check on prod-web-01, and then blast an alert to Marketing — then put Marketing's historical data into the archive. To wrap up, stand up a new box for Legal.",412,neg_43,swap_edges,scan_malware;send_notification;archive_data;provision_vm,2->3;0->1;2->1,"archive_data -> provision_vm, archive_data -> send_notification, scan_malware -> send_notification"
"Eve is asking us to do a security check on prod-web-01, and then blast an alert to Marketing — then put Marketing's historical data into the archive. To wrap up, stand up a new box for Legal.",412,neg_44,swap_tools,schedule_maintenance;generate_report;approve_access;escalate_to_human,0->1;1->2;2->3,"approve_access -> escalate_to_human, generate_report -> approve_access, schedule_maintenance -> generate_report"
"Eve is asking us to do a security check on prod-web-01, and then blast an alert to Marketing — then put Marketing's historical data into the archive. To wrap up, stand up a new box for Legal.",412,neg_45,remove_edge,scan_malware;send_notification;archive_data;provision_vm,0->1;1->2,"scan_malware -> send_notification, send_notification -> archive_data"
"Eve is asking us to do a security check on prod-web-01, and then blast an alert to Marketing — then put Marketing's historical data into the archive. To wrap up, stand up a new box for Legal.",412,neg_46,add_edge,scan_malware;send_notification;archive_data;provision_vm,0->1;1->2;2->3;0->2,"archive_data -> provision_vm, scan_malware -> archive_data, scan_malware -> send_notification, send_notification -> archive_data"
"Eve is asking us to do a security check on prod-web-01, and then blast an alert to Marketing — then put Marketing's historical data into the archive. To wrap up, stand up a new box for Legal.",412,neg_47,extra_node,scan_malware;send_notification;archive_data;provision_vm;escalate_to_human,0->1;1->2;2->3;3->4,"archive_data -> provision_vm, provision_vm -> escalate_to_human, scan_malware -> send_notification, send_notification -> archive_data"
"For the Finance team, record the event in Engineering's log. Next, bounce auth-svc-04.",258,neg_48,swap_tools,check_status;disable_feature_flag,0->1,check_status -> disable_feature_flag
"For the Finance team, record the event in Engineering's log. Next, bounce auth-svc-04.",258,neg_49,extra_node,log_audit_event;restart_service;backup_database,0->1;1->2,"log_audit_event -> restart_service, restart_service -> backup_database"
"Frank reported an issue — drop an audit entry for cdn-edge-06, then dump the database on prod-web-01 — then persist Bob's data to the database. To wrap up, reboot cdn-edge-06.",414,neg_50,swap_edges,log_audit_event;backup_database;db_write;restart_service,3->0;0->2;0->1,"log_audit_event -> backup_database, log_audit_event -> db_write, restart_service -> log_audit_event"
"Frank reported an issue — drop an audit entry for cdn-edge-06, then dump the database on prod-web-01 — then persist Bob's data to the database. To wrap up, reboot cdn-edge-06.",414,neg_51,swap_tools,quarantine_system;revoke_access;approve_access;invalidate_cache,0->1;1->2;2->3,"approve_access -> invalidate_cache, quarantine_system -> revoke_access, revoke_access -> approve_access"
"Frank reported an issue — drop an audit entry for cdn-edge-06, then dump the database on prod-web-01 — then persist Bob's data to the database. To wrap up, reboot cdn-edge-06.",414,neg_52,remove_edge,log_audit_event;backup_database;db_write;restart_service,0->1;1->2,"backup_database -> db_write, log_audit_event -> backup_database"
"Frank reported an issue — drop an audit entry for cdn-edge-06, then dump the database on prod-web-01 — then persist Bob's data to the database. To wrap up, reboot cdn-edge-06.",414,neg_53,add_edge,log_audit_event;backup_database;db_write;restart_service,0->1;1->2;2->3;1->3,"backup_database -> db_write, backup_database -> restart_service, db_write -> restart_service, log_audit_event -> backup_database"
"Frank reported an issue — drop an audit entry for cdn-edge-06, then dump the database on prod-web-01 — then persist Bob's data to the database. To wrap up, reboot cdn-edge-06.",414,neg_54,extra_node,log_audit_event;backup_database;db_write;restart_service;send_notification,0->1;1->2;2->3;3->4,"backup_database -> db_write, db_write -> restart_service, log_audit_event -> backup_database, restart_service -> send_notification"
"Charlie reported an issue — switch Alice to the new plan. After that, check if prod-web-01 is up.",194,neg_55,swap_tools,db_read;provision_vm,0->1,db_read -> provision_vm
"Charlie reported an issue — switch Alice to the new plan. After that, check if prod-web-01 is up.",194,neg_56,extra_node,update_subscription;check_status;approve_access,0->1;2->1,"approve_access -> check_status, update_subscription -> check_status"
"Diana is asking us to flip the feature toggle on for Legal. Next, change the owner of staging-db-02 to HR. After that, commit Alice's update to the database, and lastly get a human involved for Eve.",388,neg_57,swap_edges,enable_feature_flag;transfer_ownership;db_write;escalate_to_human,2->1;3->2;3->0,"db_write -> transfer_ownership, escalate_to_human -> db_write, escalate_to_human -> enable_feature_flag"
"Diana is asking us to flip the feature toggle on for Legal. Next, change the owner of staging-db-02 to HR. After that, commit Alice's update to the database, and lastly get a human involved for Eve.",388,neg_58,swap_tools,backup_database;log_audit_event;generate_report;check_status,0->1;1->2;2->3,"backup_database -> log_audit_event, generate_report -> check_status, log_audit_event -> generate_report"
"Diana is asking us to flip the feature toggle on for Legal. Next, change the owner of staging-db-02 to HR. After that, commit Alice's update to the database, and lastly get a human involved for Eve.",388,neg_59,remove_edge,enable_feature_flag;transfer_ownership;db_write;escalate_to_human,0->1;2->3,"db_write -> escalate_to_human, enable_feature_flag -> transfer_ownership"
"Diana is asking us to flip the feature toggle on for Legal. Next, change the owner of staging-db-02 to HR. After that, commit Alice's update to the database, and lastly get a human involved for Eve.",388,neg_60,add_edge,enable_feature_flag;transfer_ownership;db_write;escalate_to_human,0->1;1->2;2->3;1->3,"db_write -> escalate_to_human, enable_feature_flag -> transfer_ownership, transfer_ownership -> db_write, transfer_ownership -> escalate_to_human"
"Diana is asking us to flip the feature toggle on for Legal. Next, change the owner of staging-db-02 to HR. After that, commit Alice's update to the database, and lastly get a human involved for Eve.",388,neg_61,extra_node,enable_feature_flag;transfer_ownership;db_write;escalate_to_human;quarantine_system,0->1;1->2;2->3;3->4,"db_write -> escalate_to_human, enable_feature_flag -> transfer_ownership, escalate_to_human -> quarantine_system, transfer_ownership -> db_write"
"Full IR flow: verify payment-api-03 is down, run a scan, isolate, restart, get a human involved, alert the team, and audit it.",16,neg_62,swap_edges,check_status;scan_malware;quarantine_system;restart_service;escalate_to_human;send_notification;log_audit_event,5->1;2->1;1->3;0->4;2->4;6->3,"check_status -> escalate_to_human, log_audit_event -> restart_service, quarantine_system -> escalate_to_human, quarantine_system -> scan_malware, scan_malware -> restart_service, send_notification -> scan_malware"
"Full IR flow: verify payment-api-03 is down, run a scan, isolate, restart, get a human involved, alert the team, and audit it.",16,neg_63,swap_tools,restore_backup;transfer_ownership;archive_data;scale_service;restart_service;disable_feature_flag;deploy_container,0->1;1->2;2->3;3->4;4->5;5->6,"archive_data -> scale_service, disable_feature_flag -> deploy_container, restart_service -> disable_feature_flag, restore_backup -> transfer_ownership, scale_service -> restart_service, transfer_ownership -> archive_data"
"Full IR flow: verify payment-api-03 is down, run a scan, isolate, restart, get a human involved, alert the team, and audit it.",16,neg_64,remove_edge,check_status;scan_malware;quarantine_system;restart_service;escalate_to_human;send_notification;log_audit_event,0->1;1->2;2->3;3->4;5->6,"check_status -> scan_malware, quarantine_system -> restart_service, restart_service -> escalate_to_human, scan_malware -> quarantine_system, send_notification -> log_audit_event"
"Full IR flow: verify payment-api-03 is down, run a scan, isolate, restart, get a human involved, alert the team, and audit it.",16,neg_65,add_edge,check_status;scan_malware;quarantine_system;restart_service;escalate_to_human;send_notification;log_audit_event,0->1;1->2;2->3;3->4;4->5;5->6;1->5,"check_status -> scan_malware, escalate_to_human -> send_notification, quarantine_system -> restart_service, restart_service -> escalate_to_human, scan_malware -> quarantine_system, scan_malware -> send_notification, send_notification -> log_audit_event"
"Full IR flow: verify payment-api-03 is down, run a scan, isolate, restart, get a human involved, alert the team, and audit it.",16,neg_66,extra_node,check_status;scan_malware;quarantine_system;restart_service;escalate_to_human;send_notification;log_audit_event;disable_feature_flag,0->1;1->2;2->3;3->4;4->5;5->6;2->7,"check_status -> scan_malware, escalate_to_human -> send_notification, quarantine_system -> disable_feature_flag, quarantine_system -> restart_service, restart_service -> escalate_to_human, scan_malware -> quarantine_system, send_notification -> log_audit_event"
"Bob reported an issue — scale payment-api-03 down to save costs. Once that's done, roll out the containerised app to ml-infer-05. End with flip the feature toggle on for Legal.",287,neg_67,swap_edges,scale_service;deploy_container;enable_feature_flag,2->1;2->0,"enable_feature_flag -> deploy_container, enable_feature_flag -> scale_service"
"Bob reported an issue — scale payment-api-03 down to save costs. Once that's done, roll out the containerised app to ml-infer-05. End with flip the feature toggle on for Legal.",287,neg_68,swap_tools,run_pipeline;deploy_container;scale_service,0->1;1->2,"deploy_container -> scale_service, run_pipeline -> deploy_container"
"Bob reported an issue — scale payment-api-03 down to save costs. Once that's done, roll out the containerised app to ml-infer-05. End with flip the feature toggle on for Legal.",287,neg_69,remove_edge,scale_service;deploy_container;enable_feature_flag,1->2,deploy_container -> enable_feature_flag
"Bob reported an issue — scale payment-api-03 down to save costs. Once that's done, roll out the containerised app to ml-infer-05. End with flip the feature toggle on for Legal.",287,neg_70,add_edge,scale_service;deploy_container;enable_feature_flag,0->1;1->2;0->2,"deploy_container -> enable_feature_flag, scale_service -> deploy_container, scale_service -> enable_feature_flag"
"Bob reported an issue — scale payment-api-03 down to save costs. Once that's done, roll out the containerised app to ml-infer-05. End with flip the feature toggle on for Legal.",287,neg_71,extra_node,scale_service;deploy_container;enable_feature_flag;process_refund,0->1;1->2;0->3,"deploy_container -> enable_feature_flag, scale_service -> deploy_container, scale_service -> process_refund"
"Time to push the container image for Finance, and then notify the Legal team.",40,neg_72,swap_tools,escalate_to_human;db_write,0->1,escalate_to_human -> db_write
"Time to push the container image for Finance, and then notify the Legal team.",40,neg_73,extra_node,deploy_container;send_notification;check_status,0->1;0->2,"deploy_container -> check_status, deploy_container -> send_notification"
"Hey, can you verify payment-api-03's health, and while you're at it, bounce prod-web-01 and open a ticket for Alice.",111,neg_74,swap_edges,check_status;restart_service;create_ticket,2->0;0->1,"check_status -> restart_service, create_ticket -> check_status"
"Hey, can you verify payment-api-03's health, and while you're at it, bounce prod-web-01 and open a ticket for Alice.",111,neg_75,swap_tools,log_audit_event;approve_access;db_write,0->1;0->2,"log_audit_event -> approve_access, log_audit_event -> db_write"
"Hey, can you verify payment-api-03's health, and while you're at it, bounce prod-web-01 and open a ticket for Alice.",111,neg_76,remove_edge,check_status;restart_service;create_ticket,0->1,check_status -> restart_service
"Hey, can you verify payment-api-03's health, and while you're at it, bounce prod-web-01 and open a ticket for Alice.",111,neg_77,add_edge,check_status;restart_service;create_ticket,0->1;0->2;2->1,"check_status -> create_ticket, check_status -> restart_service, create_ticket -> restart_service"
"Hey, can you verify payment-api-03's health, and while you're at it, bounce prod-web-01 and open a ticket for Alice.",111,neg_78,extra_node,check_status;restart_service;create_ticket;schedule_maintenance,0->1;0->2;3->2,"check_status -> create_ticket, check_status -> restart_service, schedule_maintenance -> create_ticket"
"The Engineering team needs us to refund Bob and flip the feature toggle on for Marketing. Once both are done, launch an instance for Marketing.",488,neg_79,swap_edges,process_refund;enable_feature_flag;provision_vm,1->2;1->0,"enable_feature_flag -> process_refund, enable_feature_flag -> provision_vm"
"The Engineering team needs us to refund Bob and flip the feature toggle on for Marketing. Once both are done, launch an instance for Marketing.",488,neg_80,swap_tools,log_audit_event;check_status;disable_feature_flag,0->2;1->2,"check_status -> disable_feature_flag, log_audit_event -> disable_feature_flag"
"The Engineering team needs us to refund Bob and flip the feature toggle on for Marketing. Once both are done, launch an instance for Marketing.",488,neg_81,remove_edge,process_refund;enable_feature_flag;provision_vm,1->2,enable_feature_flag -> provision_vm
"The Engineering team needs us to refund Bob and flip the feature toggle on for Marketing. Once both are done, launch an instance for Marketing.",488,neg_82,add_edge,process_refund;enable_feature_flag;provision_vm,0->2;1->2;0->1,"enable_feature_flag -> provision_vm, process_refund -> enable_feature_flag, process_refund -> provision_vm"
"The Engineering team needs us to refund Bob and flip the feature toggle on for Marketing. Once both are done, launch an instance for Marketing.",488,neg_83,extra_node,process_refund;enable_feature_flag;provision_vm;process_refund,0->2;1->2;2->3,"enable_feature_flag -> provision_vm, process_refund -> provision_vm, provision_vm -> process_refund"
"Hey, can you pull payment-api-03 back from the last good backup, and while you're at it, process the payout for Frank and spin up a tracking ticket for Grace.",445,neg_84,swap_edges,restore_backup;process_refund;create_ticket,1->2;1->0,"process_refund -> create_ticket, process_refund -> restore_backup"
"Hey, can you pull payment-api-03 back from the last good backup, and while you're at it, process the payout for Frank and spin up a tracking ticket for Grace.",445,neg_85,swap_tools,db_write;invalidate_cache;quarantine_system,0->1;0->2,"db_write -> invalidate_cache, db_write -> quarantine_system"
"Hey, can you pull payment-api-03 back from the last good backup, and while you're at it, process the payout for Frank and spin up a tracking ticket for Grace.",445,neg_86,remove_edge,restore_backup;process_refund;create_ticket,0->2,restore_backup -> create_ticket
"Hey, can you pull payment-api-03 back from the last good backup, and while you're at it, process the payout for Frank and spin up a tracking ticket for Grace.",445,neg_87,add_edge,restore_backup;process_refund;create_ticket,0->1;0->2;2->1,"create_ticket -> process_refund, restore_backup -> create_ticket, restore_backup -> process_refund"
"Hey, can you pull payment-api-03 back from the last good backup, and while you're at it, process the payout for Frank and spin up a tracking ticket for Grace.",445,neg_88,extra_node,restore_backup;process_refund;create_ticket;rotate_api_key,0->1;0->2;0->3,"restore_backup -> create_ticket, restore_backup -> process_refund, restore_backup -> rotate_api_key"
"Time to look up the records for #42017. Next, kill the feature toggle for Marketing, then give Eve their money back. Finally, cold-store the old records for Grace.",379,neg_89,swap_edges,db_read;disable_feature_flag;process_refund;archive_data,3->1;1->2;0->2,"archive_data -> disable_feature_flag, db_read -> process_refund, disable_feature_flag -> process_refund"
"Time to look up the records for #42017. Next, kill the feature toggle for Marketing, then give Eve their money back. Finally, cold-store the old records for Grace.",379,neg_90,swap_tools,restore_backup;rollback_deployment;scale_service;log_audit_event,0->1;1->2;2->3,"restore_backup -> rollback_deployment, rollback_deployment -> scale_service, scale_service -> log_audit_event"
"Time to look up the records for #42017. Next, kill the feature toggle for Marketing, then give Eve their money back. Finally, cold-store the old records for Grace.",379,neg_91,remove_edge,db_read;disable_feature_flag;process_refund;archive_data,1->2;2->3,"disable_feature_flag -> process_refund, process_refund -> archive_data"
"Time to look up the records for #42017. Next, kill the feature toggle for Marketing, then give Eve their money back. Finally, cold-store the old records for Grace.",379,neg_92,add_edge,db_read;disable_feature_flag;process_refund;archive_data,0->1;1->2;2->3;0->3,"db_read -> archive_data, db_read -> disable_feature_flag, disable_feature_flag -> process_refund, process_refund -> archive_data"
"Time to look up the records for #42017. Next, kill the feature toggle for Marketing, then give Eve their money back. Finally, cold-store the old records for Grace.",379,neg_93,extra_node,db_read;disable_feature_flag;process_refund;archive_data;process_refund,0->1;1->2;2->3;4->3,"db_read -> disable_feature_flag, disable_feature_flag -> process_refund, process_refund -> archive_data, process_refund -> archive_data"
"ASAP — pull prod-web-01 back from the last good backup and yank staging-db-02 off the network. After those finish, green-light Diana's access to Finance.",504,neg_94,swap_edges,restore_backup;quarantine_system;approve_access,0->1;2->1,"approve_access -> quarantine_system, restore_backup -> quarantine_system"
"ASAP — pull prod-web-01 back from the last good backup and yank staging-db-02 off the network. After those finish, green-light Diana's access to Finance.",504,neg_95,swap_tools,send_notification;db_read;invalidate_cache,0->2;1->2,"db_read -> invalidate_cache, send_notification -> invalidate_cache"
"ASAP — pull prod-web-01 back from the last good backup and yank staging-db-02 off the network. After those finish, green-light Diana's access to Finance.",504,neg_96,remove_edge,restore_backup;quarantine_system;approve_access,0->2,restore_backup -> approve_access
"ASAP — pull prod-web-01 back from the last good backup and yank staging-db-02 off the network. After those finish, green-light Diana's access to Finance.",504,neg_97,add_edge,restore_backup;quarantine_system;approve_access,0->2;1->2;1->0,"quarantine_system -> approve_access, quarantine_system -> restore_backup, restore_backup -> approve_access"
"ASAP — pull prod-web-01 back from the last good backup and yank staging-db-02 off the network. After those finish, green-light Diana's access to Finance.",504,neg_98,extra_node,restore_backup;quarantine_system;approve_access;deploy_container,0->2;1->2;3->0,"deploy_container -> restore_backup, quarantine_system -> approve_access, restore_backup -> approve_access"
"Put together a report on auth-svc-04. After that, execute the build pipeline for staging-db-02, and lastly save a backup of Legal's data.",357,neg_99,swap_edges,generate_report;run_pipeline;backup_database,0->1;2->1,"backup_database -> run_pipeline, generate_report -> run_pipeline"
"Put together a report on auth-svc-04. After that, execute the build pipeline for staging-db-02, and lastly save a backup of Legal's data.",357,neg_100,swap_tools,invalidate_cache;rotate_api_key;revoke_access,0->1;1->2,"invalidate_cache -> rotate_api_key, rotate_api_key -> revoke_access"
"Put together a report on auth-svc-04. After that, execute the build pipeline for staging-db-02, and lastly save a backup of Legal's data.",357,neg_101,remove_edge,generate_report;run_pipeline;backup_database,0->1,generate_report -> run_pipeline
"Put together a report on auth-svc-04. After that, execute the build pipeline for staging-db-02, and lastly save a backup of Legal's data.",357,neg_102,add_edge,generate_report;run_pipeline;backup_database,0->1;1->2;0->2,"generate_report -> backup_database, generate_report -> run_pipeline, run_pipeline -> backup_database"
"Put together a report on auth-svc-04. After that, execute the build pipeline for staging-db-02, and lastly save a backup of Legal's data.",357,neg_103,extra_node,generate_report;run_pipeline;backup_database;enable_feature_flag,0->1;1->2;3->0,"enable_feature_flag -> generate_report, generate_report -> run_pipeline, run_pipeline -> backup_database"
Grab the mailing list for Engineering and send out the weekly alert.,3,neg_104,swap_tools,archive_data;schedule_maintenance,0->1,archive_data -> schedule_maintenance
Grab the mailing list for Engineering and send out the weekly alert.,3,neg_105,extra_node,db_read;send_notification;reset_password,0->1;0->2,"db_read -> reset_password, db_read -> send_notification"
"Per Frank's request, revoke Grace's access to payment-api-03, followed by write the new data for #53698 back, then update Eve's subscription. To wrap up, set up downtime for prod-web-01.",424,neg_106,swap_edges,revoke_access;db_write;update_subscription;schedule_maintenance,3->2;1->2;1->0,"db_write -> revoke_access, db_write -> update_subscription, schedule_maintenance -> update_subscription"
"Per Frank's request, revoke Grace's access to payment-api-03, followed by write the new data for #53698 back, then update Eve's subscription. To wrap up, set up downtime for prod-web-01.",424,neg_107,swap_tools,log_audit_event;db_read;check_status;restart_service,0->1;1->2;2->3,"check_status -> restart_service, db_read -> check_status, log_audit_event -> db_read"
"Per Frank's request, revoke Grace's access to payment-api-03, followed by write the new data for #53698 back, then update Eve's subscription. To wrap up, set up downtime for prod-web-01.",424,neg_108,remove_edge,revoke_access;db_write;update_subscription;schedule_maintenance,1->2;2->3,"db_write -> update_subscription, update_subscription -> schedule_maintenance"
"Per Frank's request, revoke Grace's access to payment-api-03, followed by write the new data for #53698 back, then update Eve's subscription. To wrap up, set up downtime for prod-web-01.",424,neg_109,add_edge,revoke_access;db_write;update_subscription;schedule_maintenance,0->1;1->2;2->3;0->2,"db_write -> update_subscription, revoke_access -> db_write, revoke_access -> update_subscription, update_subscription -> schedule_maintenance"
"Per Frank's request, revoke Grace's access to payment-api-03, followed by write the new data for #53698 back, then update Eve's subscription. To wrap up, set up downtime for prod-web-01.",424,neg_110,extra_node,revoke_access;db_write;update_subscription;schedule_maintenance;backup_database,0->1;1->2;2->3;1->4,"db_write -> backup_database, db_write -> update_subscription, revoke_access -> db_write, update_subscription -> schedule_maintenance"
"Per Grace's request, credit Charlie's account — then send a heads-up to HR.",57,neg_111,swap_tools,log_audit_event;db_write,0->1,log_audit_event -> db_write
"Per Grace's request, credit Charlie's account — then send a heads-up to HR.",57,neg_112,extra_node,process_refund;send_notification;disable_feature_flag,0->1;0->2,"process_refund -> disable_feature_flag, process_refund -> send_notification"
"From Engineering: ping payment-api-03 for a health check and pull Charlie's data. Once both are done, send a heads-up to Finance.",125,neg_113,swap_edges,check_status;db_read;send_notification,1->2;1->0,"db_read -> check_status, db_read -> send_notification"
"From Engineering: ping payment-api-03 for a health check and pull Charlie's data. Once both are done, send a heads-up to Finance.",125,neg_114,swap_tools,disable_feature_flag;transfer_ownership;rotate_api_key,0->2;1->2,"disable_feature_flag -> rotate_api_key, transfer_ownership -> rotate_api_key"
"From Engineering: ping payment-api-03 for a health check and pull Charlie's data. Once both are done, send a heads-up to Finance.",125,neg_115,remove_edge,check_status;db_read;send_notification,0->2,check_status -> send_notification
"From Engineering: ping payment-api-03 for a health check and pull Charlie's data. Once both are done, send a heads-up to Finance.",125,neg_116,add_edge,check_status;db_read;send_notification,0->2;1->2;1->0,"check_status -> send_notification, db_read -> check_status, db_read -> send_notification"
"From Engineering: ping payment-api-03 for a health check and pull Charlie's data. Once both are done, send a heads-up to Finance.",125,neg_117,extra_node,check_status;db_read;send_notification;rollback_deployment,0->2;1->2;3->0,"check_status -> send_notification, db_read -> send_notification, rollback_deployment -> check_status"
Record the event in HR's log — then get a human involved for Bob.,183,neg_118,swap_tools,provision_vm;archive_data,0->1,provision_vm -> archive_data
Record the event in HR's log — then get a human involved for Bob.,183,neg_119,extra_node,log_audit_event;escalate_to_human;deploy_container,0->1;2->1,"deploy_container -> escalate_to_human, log_audit_event -> escalate_to_human"
"We gotta record the event in Legal's log and file an incident report about ml-infer-05. After those finish, loop in a Legal manager.",472,neg_120,swap_edges,log_audit_event;create_ticket;escalate_to_human,2->0;1->0,"create_ticket -> log_audit_event, escalate_to_human -> log_audit_event"
"We gotta record the event in Legal's log and file an incident report about ml-infer-05. After those finish, loop in a Legal manager.",472,neg_121,swap_tools,check_status;generate_report;approve_access,0->2;1->2,"check_status -> approve_access, generate_report -> approve_access"
"We gotta record the event in Legal's log and file an incident report about ml-infer-05. After those finish, loop in a Legal manager.",472,neg_122,remove_edge,log_audit_event;create_ticket;escalate_to_human,0->2,log_audit_event -> escalate_to_human
"We gotta record the event in Legal's log and file an incident report about ml-infer-05. After those finish, loop in a Legal manager.",472,neg_123,add_edge,log_audit_event;create_ticket;escalate_to_human,0->2;1->2;1->0,"create_ticket -> escalate_to_human, create_ticket -> log_audit_event, log_audit_event -> escalate_to_human"
"We gotta record the event in Legal's log and file an incident report about ml-infer-05. After those finish, loop in a Legal manager.",472,neg_124,extra_node,log_audit_event;create_ticket;escalate_to_human;db_write,0->2;1->2;3->1,"create_ticket -> escalate_to_human, db_write -> create_ticket, log_audit_event -> escalate_to_human"
"Urgent: check ml-infer-05 for vulnerabilities and take a snapshot of staging-db-02's DB, then converge and invalidate staging-db-02's cache.",498,neg_125,swap_edges,scan_malware;backup_database;invalidate_cache,1->0;1->2,"backup_database -> invalidate_cache, backup_database -> scan_malware"
"Urgent: check ml-infer-05 for vulnerabilities and take a snapshot of staging-db-02's DB, then converge and invalidate staging-db-02's cache.",498,neg_126,swap_tools,create_ticket;escalate_to_human;invalidate_cache,0->2;1->2,"create_ticket -> invalidate_cache, escalate_to_human -> invalidate_cache"
"Urgent: check ml-infer-05 for vulnerabilities and take a snapshot of staging-db-02's DB, then converge and invalidate staging-db-02's cache.",498,neg_127,remove_edge,scan_malware;backup_database;invalidate_cache,0->2,scan_malware -> invalidate_cache
"Urgent: check ml-infer-05 for vulnerabilities and take a snapshot of staging-db-02's DB, then converge and invalidate staging-db-02's cache.",498,neg_128,add_edge,scan_malware;backup_database;invalidate_cache,0->2;1->2;0->1,"backup_database -> invalidate_cache, scan_malware -> backup_database, scan_malware -> invalidate_cache"
"Urgent: check ml-infer-05 for vulnerabilities and take a snapshot of staging-db-02's DB, then converge and invalidate staging-db-02's cache.",498,neg_129,extra_node,scan_malware;backup_database;invalidate_cache;rotate_api_key,0->2;1->2;1->3,"backup_database -> invalidate_cache, backup_database -> rotate_api_key, scan_malware -> invalidate_cache"
"I need you to downgrade Eve's account, then reset Eve's password. Once that's done, refresh the API token for Finance. End with ship the new build to staging-db-02.",390,neg_130,swap_edges,update_subscription;reset_password;rotate_api_key;deploy_container,3->0;2->0;3->1,"deploy_container -> reset_password, deploy_container -> update_subscription, rotate_api_key -> update_subscription"
"I need you to downgrade Eve's account, then reset Eve's password. Once that's done, refresh the API token for Finance. End with ship the new build to staging-db-02.",390,neg_131,swap_tools,log_audit_event;rollback_deployment;rotate_api_key;deploy_container,0->1;1->2;2->3,"log_audit_event -> rollback_deployment, rollback_deployment -> rotate_api_key, rotate_api_key -> deploy_container"
"I need you to downgrade Eve's account, then reset Eve's password. Once that's done, refresh the API token for Finance. End with ship the new build to staging-db-02.",390,neg_132,remove_edge,update_subscription;reset_password;rotate_api_key;deploy_container,0->1;2->3,"rotate_api_key -> deploy_container, update_subscription -> reset_password"
"I need you to downgrade Eve's account, then reset Eve's password. Once that's done, refresh the API token for Finance. End with ship the new build to staging-db-02.",390,neg_133,add_edge,update_subscription;reset_password;rotate_api_key;deploy_container,0->1;1->2;2->3;1->3,"reset_password -> deploy_container, reset_password -> rotate_api_key, rotate_api_key -> deploy_container, update_subscription -> reset_password"
"I need you to downgrade Eve's account, then reset Eve's password. Once that's done, refresh the API token for Finance. End with ship the new build to staging-db-02.",390,neg_134,extra_node,update_subscription;reset_password;rotate_api_key;deploy_container;restore_backup,0->1;1->2;2->3;2->4,"reset_password -> rotate_api_key, rotate_api_key -> deploy_container, rotate_api_key -> restore_backup, update_subscription -> reset_password"
"We gotta move Legal's stale data to cold storage. Next, cut off Alice's permissions. To wrap up, adjust the billing tier for Frank.",327,neg_135,swap_edges,archive_data;revoke_access;update_subscription,1->0;1->2,"revoke_access -> archive_data, revoke_access -> update_subscription"
"We gotta move Legal's stale data to cold storage. Next, cut off Alice's permissions. To wrap up, adjust the billing tier for Frank.",327,neg_136,swap_tools,archive_data;revoke_access;deploy_container,0->1;1->2,"archive_data -> revoke_access, revoke_access -> deploy_container"
"We gotta move Legal's stale data to cold storage. Next, cut off Alice's permissions. To wrap up, adjust the billing tier for Frank.",327,neg_137,remove_edge,archive_data;revoke_access;update_subscription,0->1,archive_data -> revoke_access
"We gotta move Legal's stale data to cold storage. Next, cut off Alice's permissions. To wrap up, adjust the billing tier for Frank.",327,neg_138,add_edge,archive_data;revoke_access;update_subscription,0->1;1->2;0->2,"archive_data -> revoke_access, archive_data -> update_subscription, revoke_access -> update_subscription"
"We gotta move Legal's stale data to cold storage. Next, cut off Alice's permissions. To wrap up, adjust the billing tier for Frank.",327,neg_139,extra_node,archive_data;revoke_access;update_subscription;disable_feature_flag,0->1;1->2;1->3,"archive_data -> revoke_access, revoke_access -> disable_feature_flag, revoke_access -> update_subscription"
"Plan maintenance on cdn-edge-06, email stakeholders and back up the data, then audit.",47,neg_140,swap_edges,schedule_maintenance;send_notification;backup_database;log_audit_event,0->1;3->1;3->2;3->0,"log_audit_event -> backup_database, log_audit_event -> schedule_maintenance, log_audit_event -> send_notification, schedule_maintenance -> send_notification"
"Plan maintenance on cdn-edge-06, email stakeholders and back up the data, then audit.",47,neg_141,swap_tools,escalate_to_human;run_pipeline;disable_feature_flag;rollback_deployment,0->1;0->2;1->3;2->3,"disable_feature_flag -> rollback_deployment, escalate_to_human -> disable_feature_flag, escalate_to_human -> run_pipeline, run_pipeline -> rollback_deployment"
"Plan maintenance on cdn-edge-06, email stakeholders and back up the data, then audit.",47,neg_142,remove_edge,schedule_maintenance;send_notification;backup_database;log_audit_event,0->1;0->2;1->3,"schedule_maintenance -> backup_database, schedule_maintenance -> send_notification, send_notification -> log_audit_event"
"Plan maintenance on cdn-edge-06, email stakeholders and back up the data, then audit.",47,neg_143,add_edge,schedule_maintenance;send_notification;backup_database;log_audit_event,0->1;0->2;1->3;2->3;1->2,"backup_database -> log_audit_event, schedule_maintenance -> backup_database, schedule_maintenance -> send_notification, send_notification -> backup_database, send_notification -> log_audit_event"
"Plan maintenance on cdn-edge-06, email stakeholders and back up the data, then audit.",47,neg_144,extra_node,schedule_maintenance;send_notification;backup_database;log_audit_event;create_ticket,0->1;0->2;1->3;2->3;2->4,"backup_database -> create_ticket, backup_database -> log_audit_event, schedule_maintenance -> backup_database, schedule_maintenance -> send_notification, send_notification -> log_audit_event"
Just deploy the container to payment-api-03.,49,neg_145,swap_tools,check_status,,check_status
Just deploy the container to payment-api-03.,49,neg_146,extra_node,deploy_container;update_subscription,0->1,deploy_container -> update_subscription
Just commit Diana's update to the database. Nothing else needed.,52,neg_147,swap_tools,invalidate_cache,,invalidate_cache
Just commit Diana's update to the database. Nothing else needed.,52,neg_148,extra_node,db_write;schedule_maintenance,1->0,schedule_maintenance -> db_write
"Alice is asking us to grab Alice's account details, then produce the Finance performance summary. Finally, ping Grace about it.",101,neg_149,swap_edges,db_read;generate_report;send_notification,2->0;1->0,"generate_report -> db_read, send_notification -> db_read"
"Alice is asking us to grab Alice's account details, then produce the Finance performance summary. Finally, ping Grace about it.",101,neg_150,swap_tools,create_ticket;send_notification;approve_access,0->1;1->2,"create_ticket -> send_notification, send_notification -> approve_access"
"Alice is asking us to grab Alice's account details, then produce the Finance performance summary. Finally, ping Grace about it.",101,neg_151,remove_edge,db_read;generate_report;send_notification,0->1,db_read -> generate_report
"Alice is asking us to grab Alice's account details, then produce the Finance performance summary. Finally, ping Grace about it.",101,neg_152,add_edge,db_read;generate_report;send_notification,0->1;1->2;0->2,"db_read -> generate_report, db_read -> send_notification, generate_report -> send_notification"
"Alice is asking us to grab Alice's account details, then produce the Finance performance summary. Finally, ping Grace about it.",101,neg_153,extra_node,db_read;generate_report;send_notification;process_refund,0->1;1->2;3->2,"db_read -> generate_report, generate_report -> send_notification, process_refund -> send_notification"
"I need you to take payment-api-03 back to the prior build, and then fire off a notification to Charlie. Finally, roll out the containerised app to cdn-edge-06.",301,neg_154,swap_edges,rollback_deployment;send_notification;deploy_container,1->0;2->0,"deploy_container -> rollback_deployment, send_notification -> rollback_deployment"
"I need you to take payment-api-03 back to the prior build, and then fire off a notification to Charlie. Finally, roll out the containerised app to cdn-edge-06.",301,neg_155,swap_tools,scan_malware;deploy_container;quarantine_system,0->1;1->2,"deploy_container -> quarantine_system, scan_malware -> deploy_container"
"I need you to take payment-api-03 back to the prior build, and then fire off a notification to Charlie. Finally, roll out the containerised app to cdn-edge-06.",301,neg_156,remove_edge,rollback_deployment;send_notification;deploy_container,0->1,rollback_deployment -> send_notification
"I need you to take payment-api-03 back to the prior build, and then fire off a notification to Charlie. Finally, roll out the containerised app to cdn-edge-06.",301,neg_157,add_edge,rollback_deployment;send_notification;deploy_container,0->1;1->2;0->2,"rollback_deployment -> deploy_container, rollback_deployment -> send_notification, send_notification -> deploy_container"
"I need you to take payment-api-03 back to the prior build, and then fire off a notification to Charlie. Finally, roll out the containerised app to cdn-edge-06.",301,neg_158,extra_node,rollback_deployment;send_notification;deploy_container;disable_feature_flag,0->1;1->2;3->1,"disable_feature_flag -> send_notification, rollback_deployment -> send_notification, send_notification -> deploy_container"
"Hey, can you queue a maintenance window for Engineering while also drop an audit entry for auth-svc-04 and shoot Bob an email.",456,neg_159,swap_edges,schedule_maintenance;log_audit_event;send_notification,1->0;1->2,"log_audit_event -> schedule_maintenance, log_audit_event -> send_notification"
"Hey, can you queue a maintenance window for Engineering while also drop an audit entry for auth-svc-04 and shoot Bob an email.",456,neg_160,swap_tools,rotate_api_key;revoke_access;deploy_container,0->1;0->2,"rotate_api_key -> deploy_container, rotate_api_key -> revoke_access"
"Hey, can you queue a maintenance window for Engineering while also drop an audit entry for auth-svc-04 and shoot Bob an email.",456,neg_161,remove_edge,schedule_maintenance;log_audit_event;send_notification,0->2,schedule_maintenance -> send_notification
"Hey, can you queue a maintenance window for Engineering while also drop an audit entry for auth-svc-04 and shoot Bob an email.",456,neg_162,add_edge,schedule_maintenance;log_audit_event;send_notification,0->1;0->2;2->1,"schedule_maintenance -> log_audit_event, schedule_maintenance -> send_notification, send_notification -> log_audit_event"
"Hey, can you queue a maintenance window for Engineering while also drop an audit entry for auth-svc-04 and shoot Bob an email.",456,neg_163,extra_node,schedule_maintenance;log_audit_event;send_notification;scan_malware,0->1;0->2;3->0,"scan_malware -> schedule_maintenance, schedule_maintenance -> log_audit_event, schedule_maintenance -> send_notification"
"Quick one — shoot Alice an email, followed by switch on the flag for Marketing. End with modify Diana's subscription.",359,neg_164,swap_edges,send_notification;enable_feature_flag;update_subscription,0->2;1->2,"enable_feature_flag -> update_subscription, send_notification -> update_subscription"
"Quick one — shoot Alice an email, followed by switch on the flag for Marketing. End with modify Diana's subscription.",359,neg_165,swap_tools,quarantine_system;db_read;log_audit_event,0->1;1->2,"db_read -> log_audit_event, quarantine_system -> db_read"
"Quick one — shoot Alice an email, followed by switch on the flag for Marketing. End with modify Diana's subscription.",359,neg_166,remove_edge,send_notification;enable_feature_flag;update_subscription,1->2,enable_feature_flag -> update_subscription
"Quick one — shoot Alice an email, followed by switch on the flag for Marketing. End with modify Diana's subscription.",359,neg_167,add_edge,send_notification;enable_feature_flag;update_subscription,0->1;1->2;0->2,"enable_feature_flag -> update_subscription, send_notification -> enable_feature_flag, send_notification -> update_subscription"
"Quick one — shoot Alice an email, followed by switch on the flag for Marketing. End with modify Diana's subscription.",359,neg_168,extra_node,send_notification;enable_feature_flag;update_subscription;update_subscription,0->1;1->2;2->3,"enable_feature_flag -> update_subscription, send_notification -> enable_feature_flag, update_subscription -> update_subscription"
"ASAP — refresh the API token for Marketing. After that, do a security check on payment-api-03. To wrap up, roll out the containerised app to cdn-edge-06.",302,neg_169,swap_edges,rotate_api_key;scan_malware;deploy_container,1->0;1->2,"scan_malware -> deploy_container, scan_malware -> rotate_api_key"
"ASAP — refresh the API token for Marketing. After that, do a security check on payment-api-03. To wrap up, roll out the containerised app to cdn-edge-06.",302,neg_170,swap_tools,scan_malware;reset_password;deploy_container,0->1;1->2,"reset_password -> deploy_container, scan_malware -> reset_password"
"ASAP — refresh the API token for Marketing. After that, do a security check on payment-api-03. To wrap up, roll out the containerised app to cdn-edge-06.",302,neg_171,remove_edge,rotate_api_key;scan_malware;deploy_container,1->2,scan_malware -> deploy_container
"ASAP — refresh the API token for Marketing. After that, do a security check on payment-api-03. To wrap up, roll out the containerised app to cdn-edge-06.",302,neg_172,add_edge,rotate_api_key;scan_malware;deploy_container,0->1;1->2;0->2,"rotate_api_key -> deploy_container, rotate_api_key -> scan_malware, scan_malware -> deploy_container"
"ASAP — refresh the API token for Marketing. After that, do a security check on payment-api-03. To wrap up, roll out the containerised app to cdn-edge-06.",302,neg_173,extra_node,rotate_api_key;scan_malware;deploy_container;check_status,0->1;1->2;3->2,"check_status -> deploy_container, rotate_api_key -> scan_malware, scan_malware -> deploy_container"
"Time to process the payout for Diana, followed by deactivate the feature flag on payment-api-03. Finally, give cdn-edge-06 a kick.",366,neg_174,swap_edges,process_refund;disable_feature_flag;restart_service,0->1;2->0,"process_refund -> disable_feature_flag, restart_service -> process_refund"
"Time to process the payout for Diana, followed by deactivate the feature flag on payment-api-03. Finally, give cdn-edge-06 a kick.",366,neg_175,swap_tools,provision_vm;quarantine_system;revoke_access,0->1;1->2,"provision_vm -> quarantine_system, quarantine_system -> revoke_access"
"Time to process the payout for Diana, followed by deactivate the feature flag on payment-api-03. Finally, give cdn-edge-06 a kick.",366,neg_176,remove_edge,process_refund;disable_feature_flag;restart_service,0->1,process_refund -> disable_feature_flag
"Time to process the payout for Diana, followed by deactivate the feature flag on payment-api-03. Finally, give cdn-edge-06 a kick.",366,neg_177,add_edge,process_refund;disable_feature_flag;restart_service,0->1;1->2;0->2,"disable_feature_flag -> restart_service, process_refund -> disable_feature_flag, process_refund -> restart_service"
"Time to process the payout for Diana, followed by deactivate the feature flag on payment-api-03. Finally, give cdn-edge-06 a kick.",366,neg_178,extra_node,process_refund;disable_feature_flag;restart_service;backup_database,0->1;1->2;2->3,"disable_feature_flag -> restart_service, process_refund -> disable_feature_flag, restart_service -> backup_database"
"When you get a chance, nuke Diana's old login and issue a fresh one, then fire off a notification to Frank, and lastly dig up the history on Charlie.",360,neg_179,swap_edges,reset_password;send_notification;db_read,2->1;0->1,"db_read -> send_notification, reset_password -> send_notification"
"When you get a chance, nuke Diana's old login and issue a fresh one, then fire off a notification to Frank, and lastly dig up the history on Charlie.",360,neg_180,swap_tools,deploy_container;approve_access;run_pipeline,0->1;1->2,"approve_access -> run_pipeline, deploy_container -> approve_access"
"When you get a chance, nuke Diana's old login and issue a fresh one, then fire off a notification to Frank, and lastly dig up the history on Charlie.",360,neg_181,remove_edge,reset_password;send_notification;db_read,1->2,send_notification -> db_read
"When you get a chance, nuke Diana's old login and issue a fresh one, then fire off a notification to Frank, and lastly dig up the history on Charlie.",360,neg_182,add_edge,reset_password;send_notification;db_read,0->1;1->2;0->2,"reset_password -> db_read, reset_password -> send_notification, send_notification -> db_read"
"When you get a chance, nuke Diana's old login and issue a fresh one, then fire off a notification to Frank, and lastly dig up the history on Charlie.",360,neg_183,extra_node,reset_password;send_notification;db_read;transfer_ownership,0->1;1->2;1->3,"reset_password -> send_notification, send_notification -> db_read, send_notification -> transfer_ownership"
From Legal: check the DB for Eve while also change Diana's plan and blast an alert to Legal.,110,neg_184,swap_edges,db_read;update_subscription;send_notification,0->1;2->1,"db_read -> update_subscription, send_notification -> update_subscription"
From Legal: check the DB for Eve while also change Diana's plan and blast an alert to Legal.,110,neg_185,swap_tools,backup_database;process_refund;scale_service,0->1;0->2,"backup_database -> process_refund, backup_database -> scale_service"
From Legal: check the DB for Eve while also change Diana's plan and blast an alert to Legal.,110,neg_186,remove_edge,db_read;update_subscription;send_notification,0->2,db_read -> send_notification
From Legal: check the DB for Eve while also change Diana's plan and blast an alert to Legal.,110,neg_187,add_edge,db_read;update_subscription;send_notification,0->1;0->2;1->2,"db_read -> send_notification, db_read -> update_subscription, update_subscription -> send_notification"
From Legal: check the DB for Eve while also change Diana's plan and blast an alert to Legal.,110,neg_188,extra_node,db_read;update_subscription;send_notification;check_status,0->1;0->2;2->3,"db_read -> send_notification, db_read -> update_subscription, send_notification -> check_status"
"Ticket INC-4021 says deactivate the feature flag on auth-svc-04, and then cycle the secret for Legal's service.",172,neg_189,swap_tools,db_write;create_ticket,0->1,db_write -> create_ticket
"Ticket INC-4021 says deactivate the feature flag on auth-svc-04, and then cycle the secret for Legal's service.",172,neg_190,extra_node,disable_feature_flag;rotate_api_key;scan_malware,0->1;2->0,"disable_feature_flag -> rotate_api_key, scan_malware -> disable_feature_flag"
"Check the DB for Frank and check if staging-db-02 is up. Once both are done, put together a report on cdn-edge-06, and lastly ping Grace about it.",135,neg_191,swap_edges,db_read;check_status;generate_report;send_notification,2->3;2->1;0->3,"db_read -> send_notification, generate_report -> check_status, generate_report -> send_notification"
"Check the DB for Frank and check if staging-db-02 is up. Once both are done, put together a report on cdn-edge-06, and lastly ping Grace about it.",135,neg_192,swap_tools,escalate_to_human;disable_feature_flag;send_notification;restart_service,0->2;1->2;2->3,"disable_feature_flag -> send_notification, escalate_to_human -> send_notification, send_notification -> restart_service"
"Check the DB for Frank and check if staging-db-02 is up. Once both are done, put together a report on cdn-edge-06, and lastly ping Grace about it.",135,neg_193,remove_edge,db_read;check_status;generate_report;send_notification,1->2;2->3,"check_status -> generate_report, generate_report -> send_notification"
"Check the DB for Frank and check if staging-db-02 is up. Once both are done, put together a report on cdn-edge-06, and lastly ping Grace about it.",135,neg_194,add_edge,db_read;check_status;generate_report;send_notification,0->2;1->2;2->3;0->1,"check_status -> generate_report, db_read -> check_status, db_read -> generate_report, generate_report -> send_notification"
"Check the DB for Frank and check if staging-db-02 is up. Once both are done, put together a report on cdn-edge-06, and lastly ping Grace about it.",135,neg_195,extra_node,db_read;check_status;generate_report;send_notification;check_status,0->2;1->2;2->3;1->4,"check_status -> check_status, check_status -> generate_report, db_read -> generate_report, generate_report -> send_notification"
Time to grab Diana's account details while also push the refund through for #20891 and notify the Engineering team.,114,neg_196,swap_edges,db_read;process_refund;send_notification,2->1;0->2,"db_read -> send_notification, send_notification -> process_refund"
Time to grab Diana's account details while also push the refund through for #20891 and notify the Engineering team.,114,neg_197,swap_tools,quarantine_system;log_audit_event;run_pipeline,0->1;0->2,"quarantine_system -> log_audit_event, quarantine_system -> run_pipeline"
Time to grab Diana's account details while also push the refund through for #20891 and notify the Engineering team.,114,neg_198,remove_edge,db_read;process_refund;send_notification,0->1,db_read -> process_refund
Time to grab Diana's account details while also push the refund through for #20891 and notify the Engineering team.,114,neg_199,add_edge,db_read;process_refund;send_notification,0->1;0->2;2->1,"db_read -> process_refund, db_read -> send_notification, send_notification -> process_refund"
Time to grab Diana's account details while also push the refund through for #20891 and notify the Engineering team.,114,neg_200,extra_node,db_read;process_refund;send_notification;db_write,0->1;0->2;3->0,"db_read -> process_refund, db_read -> send_notification, db_write -> db_read"
Nuke Frank's old login and issue a fresh one and concurrently fire off a notification to Charlie and record the event in HR's log.,119,neg_201,swap_edges,reset_password;send_notification;log_audit_event,1->2;0->2,"reset_password -> log_audit_event, send_notification -> log_audit_event"
Nuke Frank's old login and issue a fresh one and concurrently fire off a notification to Charlie and record the event in HR's log.,119,neg_202,swap_tools,backup_database;update_subscription;run_pipeline,0->1;0->2,"backup_database -> run_pipeline, backup_database -> update_subscription"
Nuke Frank's old login and issue a fresh one and concurrently fire off a notification to Charlie and record the event in HR's log.,119,neg_203,remove_edge,reset_password;send_notification;log_audit_event,0->2,reset_password -> log_audit_event
Nuke Frank's old login and issue a fresh one and concurrently fire off a notification to Charlie and record the event in HR's log.,119,neg_204,add_edge,reset_password;send_notification;log_audit_event,0->1;0->2;2->1,"log_audit_event -> send_notification, reset_password -> log_audit_event, reset_password -> send_notification"
Nuke Frank's old login and issue a fresh one and concurrently fire off a notification to Charlie and record the event in HR's log.,119,neg_205,extra_node,reset_password;send_notification;log_audit_event;check_status,0->1;0->2;3->0,"check_status -> reset_password, reset_password -> log_audit_event, reset_password -> send_notification"
"Quick one — shelve Legal's outdated data, followed by restore the DB snapshot for Legal.",216,neg_206,swap_tools,create_ticket;db_write,0->1,create_ticket -> db_write
"Quick one — shelve Legal's outdated data, followed by restore the DB snapshot for Legal.",216,neg_207,extra_node,archive_data;restore_backup;escalate_to_human,0->1;2->0,"archive_data -> restore_backup, escalate_to_human -> archive_data"
"Ticket INC-5560 says check the DB for Grace. Once that's done, produce the Finance performance summary and simultaneously notify the Legal team and create an audit trail for #60122.",140,neg_208,swap_edges,db_read;generate_report;send_notification;log_audit_event,1->0;1->2;3->0,"generate_report -> db_read, generate_report -> send_notification, log_audit_event -> db_read"
"Ticket INC-5560 says check the DB for Grace. Once that's done, produce the Finance performance summary and simultaneously notify the Legal team and create an audit trail for #60122.",140,neg_209,swap_tools,create_ticket;run_pipeline;quarantine_system;enable_feature_flag,0->1;1->2;1->3,"create_ticket -> run_pipeline, run_pipeline -> enable_feature_flag, run_pipeline -> quarantine_system"
"Ticket INC-5560 says check the DB for Grace. Once that's done, produce the Finance performance summary and simultaneously notify the Legal team and create an audit trail for #60122.",140,neg_210,remove_edge,db_read;generate_report;send_notification;log_audit_event,0->1;1->3,"db_read -> generate_report, generate_report -> log_audit_event"
"Ticket INC-5560 says check the DB for Grace. Once that's done, produce the Finance performance summary and simultaneously notify the Legal team and create an audit trail for #60122.",140,neg_211,add_edge,db_read;generate_report;send_notification;log_audit_event,0->1;1->2;1->3;2->3,"db_read -> generate_report, generate_report -> log_audit_event, generate_report -> send_notification, send_notification -> log_audit_event"
"Ticket INC-5560 says check the DB for Grace. Once that's done, produce the Finance performance summary and simultaneously notify the Legal team and create an audit trail for #60122.",140,neg_212,extra_node,db_read;generate_report;send_notification;log_audit_event;archive_data,0->1;1->2;1->3;3->4,"db_read -> generate_report, generate_report -> log_audit_event, generate_report -> send_notification, log_audit_event -> archive_data"
"Process the payout and modify the subscription status, then email a receipt.",13,neg_213,swap_edges,process_refund;update_subscription;send_notification,2->0;2->1,"send_notification -> process_refund, send_notification -> update_subscription"
"Process the payout and modify the subscription status, then email a receipt.",13,neg_214,swap_tools,schedule_maintenance;check_status;restart_service,0->2;1->2,"check_status -> restart_service, schedule_maintenance -> restart_service"
"Process the payout and modify the subscription status, then email a receipt.",13,neg_215,remove_edge,process_refund;update_subscription;send_notification,0->2,process_refund -> send_notification
"Process the payout and modify the subscription status, then email a receipt.",13,neg_216,add_edge,process_refund;update_subscription;send_notification,0->2;1->2;1->0,"process_refund -> send_notification, update_subscription -> process_refund, update_subscription -> send_notification"
"Process the payout and modify the subscription status, then email a receipt.",13,neg_217,extra_node,process_refund;update_subscription;send_notification;disable_feature_flag,0->2;1->2;3->2,"disable_feature_flag -> send_notification, process_refund -> send_notification, update_subscription -> send_notification"
"Time to open a ticket for Charlie. Next, blast an alert to Marketing. Finally, change Frank's auth credentials.",346,neg_218,swap_edges,create_ticket;send_notification;reset_password,0->2;0->1,"create_ticket -> reset_password, create_ticket -> send_notification"
"Time to open a ticket for Charlie. Next, blast an alert to Marketing. Finally, change Frank's auth credentials.",346,neg_219,swap_tools,restart_service;scan_malware;quarantine_system,0->1;1->2,"restart_service -> scan_malware, scan_malware -> quarantine_system"
"Time to open a ticket for Charlie. Next, blast an alert to Marketing. Finally, change Frank's auth credentials.",346,neg_220,remove_edge,create_ticket;send_notification;reset_password,1->2,send_notification -> reset_password
"Time to open a ticket for Charlie. Next, blast an alert to Marketing. Finally, change Frank's auth credentials.",346,neg_221,add_edge,create_ticket;send_notification;reset_password,0->1;1->2;0->2,"create_ticket -> reset_password, create_ticket -> send_notification, send_notification -> reset_password"
"Time to open a ticket for Charlie. Next, blast an alert to Marketing. Finally, change Frank's auth credentials.",346,neg_222,extra_node,create_ticket;send_notification;reset_password;run_pipeline,0->1;1->2;3->0,"create_ticket -> send_notification, run_pipeline -> create_ticket, send_notification -> reset_password"
"When you get a chance, scan cdn-edge-06 for threats, and while you're at it, lock down ml-infer-05 and file a bug about staging-db-02.",112,neg_223,swap_edges,scan_malware;quarantine_system;create_ticket,1->0;1->2,"quarantine_system -> create_ticket, quarantine_system -> scan_malware"
"When you get a chance, scan cdn-edge-06 for threats, and while you're at it, lock down ml-infer-05 and file a bug about staging-db-02.",112,neg_224,swap_tools,send_notification;escalate_to_human;check_status,0->1;0->2,"send_notification -> check_status, send_notification -> escalate_to_human"
"When you get a chance, scan cdn-edge-06 for threats, and while you're at it, lock down ml-infer-05 and file a bug about staging-db-02.",112,neg_225,remove_edge,scan_malware;quarantine_system;create_ticket,0->1,scan_malware -> quarantine_system
"When you get a chance, scan cdn-edge-06 for threats, and while you're at it, lock down ml-infer-05 and file a bug about staging-db-02.",112,neg_226,add_edge,scan_malware;quarantine_system;create_ticket,0->1;0->2;2->1,"create_ticket -> quarantine_system, scan_malware -> create_ticket, scan_malware -> quarantine_system"
"When you get a chance, scan cdn-edge-06 for threats, and while you're at it, lock down ml-infer-05 and file a bug about staging-db-02.",112,neg_227,extra_node,scan_malware;quarantine_system;create_ticket;send_notification,0->1;0->2;3->0,"scan_malware -> create_ticket, scan_malware -> quarantine_system, send_notification -> scan_malware"
"Quick one — turn on the feature flag for Finance, followed by move ml-infer-05's ownership to Legal. Last step: diagnose cdn-edge-06.",377,neg_228,swap_edges,enable_feature_flag;transfer_ownership;check_status,0->2;1->2,"enable_feature_flag -> check_status, transfer_ownership -> check_status"
"Quick one — turn on the feature flag for Finance, followed by move ml-infer-05's ownership to Legal. Last step: diagnose cdn-edge-06.",377,neg_229,swap_tools,schedule_maintenance;restart_service;run_pipeline,0->1;1->2,"restart_service -> run_pipeline, schedule_maintenance -> restart_service"
"Quick one — turn on the feature flag for Finance, followed by move ml-infer-05's ownership to Legal. Last step: diagnose cdn-edge-06.",377,neg_230,remove_edge,enable_feature_flag;transfer_ownership;check_status,1->2,transfer_ownership -> check_status
"Quick one — turn on the feature flag for Finance, followed by move ml-infer-05's ownership to Legal. Last step: diagnose cdn-edge-06.",377,neg_231,add_edge,enable_feature_flag;transfer_ownership;check_status,0->1;1->2;0->2,"enable_feature_flag -> check_status, enable_feature_flag -> transfer_ownership, transfer_ownership -> check_status"
"Quick one — turn on the feature flag for Finance, followed by move ml-infer-05's ownership to Legal. Last step: diagnose cdn-edge-06.",377,neg_232,extra_node,enable_feature_flag;transfer_ownership;check_status;revoke_access,0->1;1->2;3->2,"enable_feature_flag -> transfer_ownership, revoke_access -> check_status, transfer_ownership -> check_status"
"Per Bob's request, bring in tier-2 support for Frank, and then archive Frank's old records.",274,neg_233,swap_tools,update_subscription;scale_service,0->1,update_subscription -> scale_service
"Per Bob's request, bring in tier-2 support for Frank, and then archive Frank's old records.",274,neg_234,extra_node,escalate_to_human;archive_data;invalidate_cache,0->1;2->0,"escalate_to_human -> archive_data, invalidate_cache -> escalate_to_human"
"From Legal: grant Eve permissions to prod-web-01. Next, produce the Engineering performance summary. Finally, verify ml-infer-05's health.",309,neg_235,swap_edges,approve_access;generate_report;check_status,1->2;0->2,"approve_access -> check_status, generate_report -> check_status"
"From Legal: grant Eve permissions to prod-web-01. Next, produce the Engineering performance summary. Finally, verify ml-infer-05's health.",309,neg_236,swap_tools,disable_feature_flag;approve_access;restore_backup,0->1;1->2,"approve_access -> restore_backup, disable_feature_flag -> approve_access"
"From Legal: grant Eve permissions to prod-web-01. Next, produce the Engineering performance summary. Finally, verify ml-infer-05's health.",309,neg_237,remove_edge,approve_access;generate_report;check_status,1->2,generate_report -> check_status
"From Legal: grant Eve permissions to prod-web-01. Next, produce the Engineering performance summary. Finally, verify ml-infer-05's health.",309,neg_238,add_edge,approve_access;generate_report;check_status,0->1;1->2;0->2,"approve_access -> check_status, approve_access -> generate_report, generate_report -> check_status"
"From Legal: grant Eve permissions to prod-web-01. Next, produce the Engineering performance summary. Finally, verify ml-infer-05's health.",309,neg_239,extra_node,approve_access;generate_report;check_status;revoke_access,0->1;1->2;1->3,"approve_access -> generate_report, generate_report -> check_status, generate_report -> revoke_access"
"I need you to restart the main process on ml-infer-05. Once that's done, ping Charlie about it.",71,neg_240,swap_tools,update_subscription;db_read,0->1,update_subscription -> db_read
"I need you to restart the main process on ml-infer-05. Once that's done, ping Charlie about it.",71,neg_241,extra_node,restart_service;send_notification;restore_backup,0->1;2->0,"restart_service -> send_notification, restore_backup -> restart_service"
"Urgent: send a heads-up to HR and book a maintenance window for prod-web-01. When all of that's complete, give Alice a new password.",491,neg_242,swap_edges,send_notification;schedule_maintenance;reset_password,2->0;2->1,"reset_password -> schedule_maintenance, reset_password -> send_notification"
"Urgent: send a heads-up to HR and book a maintenance window for prod-web-01. When all of that's complete, give Alice a new password.",491,neg_243,swap_tools,db_read;send_notification;transfer_ownership,0->2;1->2,"db_read -> transfer_ownership, send_notification -> transfer_ownership"
"Urgent: send a heads-up to HR and book a maintenance window for prod-web-01. When all of that's complete, give Alice a new password.",491,neg_244,remove_edge,send_notification;schedule_maintenance;reset_password,0->2,send_notification -> reset_password
"Urgent: send a heads-up to HR and book a maintenance window for prod-web-01. When all of that's complete, give Alice a new password.",491,neg_245,add_edge,send_notification;schedule_maintenance;reset_password,0->2;1->2;1->0,"schedule_maintenance -> reset_password, schedule_maintenance -> send_notification, send_notification -> reset_password"
"Urgent: send a heads-up to HR and book a maintenance window for prod-web-01. When all of that's complete, give Alice a new password.",491,neg_246,extra_node,send_notification;schedule_maintenance;reset_password;scale_service,0->2;1->2;2->3,"reset_password -> scale_service, schedule_maintenance -> reset_password, send_notification -> reset_password"
"I need you to restart the service on auth-svc-04, followed by schedule maintenance for payment-api-03, then blast an alert to Legal, and lastly scan staging-db-02 for threats.",413,neg_247,swap_edges,restart_service;schedule_maintenance;send_notification;scan_malware,1->2;1->0;0->2,"restart_service -> send_notification, schedule_maintenance -> restart_service, schedule_maintenance -> send_notification"
"I need you to restart the service on auth-svc-04, followed by schedule maintenance for payment-api-03, then blast an alert to Legal, and lastly scan staging-db-02 for threats.",413,neg_248,swap_tools,db_write;approve_access;restore_backup;revoke_access,0->1;1->2;2->3,"approve_access -> restore_backup, db_write -> approve_access, restore_backup -> revoke_access"
"I need you to restart the service on auth-svc-04, followed by schedule maintenance for payment-api-03, then blast an alert to Legal, and lastly scan staging-db-02 for threats.",413,neg_249,remove_edge,restart_service;schedule_maintenance;send_notification;scan_malware,0->1;2->3,"restart_service -> schedule_maintenance, send_notification -> scan_malware"
"I need you to restart the service on auth-svc-04, followed by schedule maintenance for payment-api-03, then blast an alert to Legal, and lastly scan staging-db-02 for threats.",413,neg_250,add_edge,restart_service;schedule_maintenance;send_notification;scan_malware,0->1;1->2;2->3;0->3,"restart_service -> scan_malware, restart_service -> schedule_maintenance, schedule_maintenance -> send_notification, send_notification -> scan_malware"
"I need you to restart the service on auth-svc-04, followed by schedule maintenance for payment-api-03, then blast an alert to Legal, and lastly scan staging-db-02 for threats.",413,neg_251,extra_node,restart_service;schedule_maintenance;send_notification;scan_malware;escalate_to_human,0->1;1->2;2->3;4->2,"escalate_to_human -> send_notification, restart_service -> schedule_maintenance, schedule_maintenance -> send_notification, send_notification -> scan_malware"
"For the Finance team, see what's going on with cdn-edge-06 and run a malware sweep on staging-db-02. After those finish, make a compliance log about Bob.",494,neg_252,swap_edges,check_status;scan_malware;log_audit_event,0->2;2->1,"check_status -> log_audit_event, log_audit_event -> scan_malware"
"For the Finance team, see what's going on with cdn-edge-06 and run a malware sweep on staging-db-02. After those finish, make a compliance log about Bob.",494,neg_253,swap_tools,disable_feature_flag;process_refund;restart_service,0->2;1->2,"disable_feature_flag -> restart_service, process_refund -> restart_service"
"For the Finance team, see what's going on with cdn-edge-06 and run a malware sweep on staging-db-02. After those finish, make a compliance log about Bob.",494,neg_254,remove_edge,check_status;scan_malware;log_audit_event,1->2,scan_malware -> log_audit_event
"For the Finance team, see what's going on with cdn-edge-06 and run a malware sweep on staging-db-02. After those finish, make a compliance log about Bob.",494,neg_255,add_edge,check_status;scan_malware;log_audit_event,0->2;1->2;1->0,"check_status -> log_audit_event, scan_malware -> check_status, scan_malware -> log_audit_event"
"For the Finance team, see what's going on with cdn-edge-06 and run a malware sweep on staging-db-02. After those finish, make a compliance log about Bob.",494,neg_256,extra_node,check_status;scan_malware;log_audit_event;rollback_deployment,0->2;1->2;1->3,"check_status -> log_audit_event, scan_malware -> log_audit_event, scan_malware -> rollback_deployment"
"Do a malware scan on auth-svc-04 and fan out: quarantine, send alerts, and create audit trail.",22,neg_257,swap_edges,scan_malware;quarantine_system;send_notification;log_audit_event,0->2;0->1;1->2,"quarantine_system -> send_notification, scan_malware -> quarantine_system, scan_malware -> send_notification"
"Do a malware scan on auth-svc-04 and fan out: quarantine, send alerts, and create audit trail.",22,neg_258,swap_tools,run_pipeline;deploy_container;check_status;log_audit_event,0->1;0->2;0->3,"run_pipeline -> check_status, run_pipeline -> deploy_container, run_pipeline -> log_audit_event"
"Do a malware scan on auth-svc-04 and fan out: quarantine, send alerts, and create audit trail.",22,neg_259,remove_edge,scan_malware;quarantine_system;send_notification;log_audit_event,0->2;0->3,"scan_malware -> log_audit_event, scan_malware -> send_notification"
"Do a malware scan on auth-svc-04 and fan out: quarantine, send alerts, and create audit trail.",22,neg_260,add_edge,scan_malware;quarantine_system;send_notification;log_audit_event,0->1;0->2;0->3;2->3,"scan_malware -> log_audit_event, scan_malware -> quarantine_system, scan_malware -> send_notification, send_notification -> log_audit_event"
"Do a malware scan on auth-svc-04 and fan out: quarantine, send alerts, and create audit trail.",22,neg_261,extra_node,scan_malware;quarantine_system;send_notification;log_audit_event;log_audit_event,0->1;0->2;0->3;4->3,"log_audit_event -> log_audit_event, scan_malware -> log_audit_event, scan_malware -> quarantine_system, scan_malware -> send_notification"
"Time to rotate Alice's credentials. Next, credit Alice's account. Last step: pass ml-infer-05 to Diana.",279,neg_262,swap_edges,reset_password;process_refund;transfer_ownership,0->1;2->1,"reset_password -> process_refund, transfer_ownership -> process_refund"
"Time to rotate Alice's credentials. Next, credit Alice's account. Last step: pass ml-infer-05 to Diana.",279,neg_263,swap_tools,generate_report;escalate_to_human;archive_data,0->1;1->2,"escalate_to_human -> archive_data, generate_report -> escalate_to_human"
"Time to rotate Alice's credentials. Next, credit Alice's account. Last step: pass ml-infer-05 to Diana.",279,neg_264,remove_edge,reset_password;process_refund;transfer_ownership,0->1,reset_password -> process_refund
"Time to rotate Alice's credentials. Next, credit Alice's account. Last step: pass ml-infer-05 to Diana.",279,neg_265,add_edge,reset_password;process_refund;transfer_ownership,0->1;1->2;0->2,"process_refund -> transfer_ownership, reset_password -> process_refund, reset_password -> transfer_ownership"
"Time to rotate Alice's credentials. Next, credit Alice's account. Last step: pass ml-infer-05 to Diana.",279,neg_266,extra_node,reset_password;process_refund;transfer_ownership;backup_database,0->1;1->2;3->1,"backup_database -> process_refund, process_refund -> transfer_ownership, reset_password -> process_refund"
"Create the VM, then concurrently register it, send notifications, and log the event.",35,neg_267,swap_edges,provision_vm;db_write;send_notification;log_audit_event,1->3;1->0;0->3,"db_write -> log_audit_event, db_write -> provision_vm, provision_vm -> log_audit_event"
"Create the VM, then concurrently register it, send notifications, and log the event.",35,neg_268,swap_tools,rollback_deployment;reset_password;restart_service;update_subscription,0->1;0->2;0->3,"rollback_deployment -> reset_password, rollback_deployment -> restart_service, rollback_deployment -> update_subscription"
"Create the VM, then concurrently register it, send notifications, and log the event.",35,neg_269,remove_edge,provision_vm;db_write;send_notification;log_audit_event,0->1;0->3,"provision_vm -> db_write, provision_vm -> log_audit_event"
"Create the VM, then concurrently register it, send notifications, and log the event.",35,neg_270,add_edge,provision_vm;db_write;send_notification;log_audit_event,0->1;0->2;0->3;2->1,"provision_vm -> db_write, provision_vm -> log_audit_event, provision_vm -> send_notification, send_notification -> db_write"
"Create the VM, then concurrently register it, send notifications, and log the event.",35,neg_271,extra_node,provision_vm;db_write;send_notification;log_audit_event;check_status,0->1;0->2;0->3;1->4,"db_write -> check_status, provision_vm -> db_write, provision_vm -> log_audit_event, provision_vm -> send_notification"
Alice reported an issue — archive Frank's old records — then do a security check on auth-svc-04.,235,neg_272,swap_tools,invalidate_cache;approve_access,0->1,invalidate_cache -> approve_access
Alice reported an issue — archive Frank's old records — then do a security check on auth-svc-04.,235,neg_273,extra_node,archive_data;scan_malware;scale_service,0->1;2->0,"archive_data -> scan_malware, scale_service -> archive_data"
"I need you to archive Diana's old records — then flip the feature toggle on for Engineering. To wrap up, disable Grace's account on prod-web-01.",295,neg_274,swap_edges,archive_data;enable_feature_flag;revoke_access,0->1;2->0,"archive_data -> enable_feature_flag, revoke_access -> archive_data"
"I need you to archive Diana's old records — then flip the feature toggle on for Engineering. To wrap up, disable Grace's account on prod-web-01.",295,neg_275,swap_tools,rollback_deployment;schedule_maintenance;create_ticket,0->1;1->2,"rollback_deployment -> schedule_maintenance, schedule_maintenance -> create_ticket"
"I need you to archive Diana's old records — then flip the feature toggle on for Engineering. To wrap up, disable Grace's account on prod-web-01.",295,neg_276,remove_edge,archive_data;enable_feature_flag;revoke_access,0->1,archive_data -> enable_feature_flag
"I need you to archive Diana's old records — then flip the feature toggle on for Engineering. To wrap up, disable Grace's account on prod-web-01.",295,neg_277,add_edge,archive_data;enable_feature_flag;revoke_access,0->1;1->2;0->2,"archive_data -> enable_feature_flag, archive_data -> revoke_access, enable_feature_flag -> revoke_access"
"I need you to archive Diana's old records — then flip the feature toggle on for Engineering. To wrap up, disable Grace's account on prod-web-01.",295,neg_278,extra_node,archive_data;enable_feature_flag;revoke_access;update_subscription,0->1;1->2;0->3,"archive_data -> enable_feature_flag, archive_data -> update_subscription, enable_feature_flag -> revoke_access"
"I need you to assess payment-api-03's status. Next, do a security check on prod-web-01, and then yank prod-web-01 off the network. After that, make a compliance log about Eve, and lastly shoot Eve an email.",150,neg_279,swap_edges,check_status;scan_malware;quarantine_system;log_audit_event;send_notification,2->1;3->0;3->4;3->2,"log_audit_event -> check_status, log_audit_event -> quarantine_system, log_audit_event -> send_notification, quarantine_system -> scan_malware"
"I need you to assess payment-api-03's status. Next, do a security check on prod-web-01, and then yank prod-web-01 off the network. After that, make a compliance log about Eve, and lastly shoot Eve an email.",150,neg_280,swap_tools,disable_feature_flag;check_status;update_subscription;rollback_deployment;enable_feature_flag,0->1;1->2;2->3;3->4,"check_status -> update_subscription, disable_feature_flag -> check_status, rollback_deployment -> enable_feature_flag, update_subscription -> rollback_deployment"
"I need you to assess payment-api-03's status. Next, do a security check on prod-web-01, and then yank prod-web-01 off the network. After that, make a compliance log about Eve, and lastly shoot Eve an email.",150,neg_281,remove_edge,check_status;scan_malware;quarantine_system;log_audit_event;send_notification,1->2;2->3;3->4,"log_audit_event -> send_notification, quarantine_system -> log_audit_event, scan_malware -> quarantine_system"
"I need you to assess payment-api-03's status. Next, do a security check on prod-web-01, and then yank prod-web-01 off the network. After that, make a compliance log about Eve, and lastly shoot Eve an email.",150,neg_282,add_edge,check_status;scan_malware;quarantine_system;log_audit_event;send_notification,0->1;1->2;2->3;3->4;1->3,"check_status -> scan_malware, log_audit_event -> send_notification, quarantine_system -> log_audit_event, scan_malware -> log_audit_event, scan_malware -> quarantine_system"
"I need you to assess payment-api-03's status. Next, do a security check on prod-web-01, and then yank prod-web-01 off the network. After that, make a compliance log about Eve, and lastly shoot Eve an email.",150,neg_283,extra_node,check_status;scan_malware;quarantine_system;log_audit_event;send_notification;rotate_api_key,0->1;1->2;2->3;3->4;5->2,"check_status -> scan_malware, log_audit_event -> send_notification, quarantine_system -> log_audit_event, rotate_api_key -> quarantine_system, scan_malware -> quarantine_system"
"When you get a chance, move Engineering's stale data to cold storage, then roll cdn-edge-06 back to the last stable release. To wrap up, invalidate payment-api-03's cache.",282,neg_284,swap_edges,archive_data;rollback_deployment;invalidate_cache,1->2;1->0,"rollback_deployment -> archive_data, rollback_deployment -> invalidate_cache"
"When you get a chance, move Engineering's stale data to cold storage, then roll cdn-edge-06 back to the last stable release. To wrap up, invalidate payment-api-03's cache.",282,neg_285,swap_tools,log_audit_event;db_read;escalate_to_human,0->1;1->2,"db_read -> escalate_to_human, log_audit_event -> db_read"
"When you get a chance, move Engineering's stale data to cold storage, then roll cdn-edge-06 back to the last stable release. To wrap up, invalidate payment-api-03's cache.",282,neg_286,remove_edge,archive_data;rollback_deployment;invalidate_cache,0->1,archive_data -> rollback_deployment
"When you get a chance, move Engineering's stale data to cold storage, then roll cdn-edge-06 back to the last stable release. To wrap up, invalidate payment-api-03's cache.",282,neg_287,add_edge,archive_data;rollback_deployment;invalidate_cache,0->1;1->2;0->2,"archive_data -> invalidate_cache, archive_data -> rollback_deployment, rollback_deployment -> invalidate_cache"
"When you get a chance, move Engineering's stale data to cold storage, then roll cdn-edge-06 back to the last stable release. To wrap up, invalidate payment-api-03's cache.",282,neg_288,extra_node,archive_data;rollback_deployment;invalidate_cache;create_ticket,0->1;1->2;2->3,"archive_data -> rollback_deployment, invalidate_cache -> create_ticket, rollback_deployment -> invalidate_cache"
"We gotta update Charlie's subscription — then credit Alice's account, and lastly email Alice the update.",98,neg_289,swap_edges,update_subscription;process_refund;send_notification,2->0;2->1,"send_notification -> process_refund, send_notification -> update_subscription"
"We gotta update Charlie's subscription — then credit Alice's account, and lastly email Alice the update.",98,neg_290,swap_tools,archive_data;process_refund;backup_database,0->1;1->2,"archive_data -> process_refund, process_refund -> backup_database"
"We gotta update Charlie's subscription — then credit Alice's account, and lastly email Alice the update.",98,neg_291,remove_edge,update_subscription;process_refund;send_notification,1->2,process_refund -> send_notification
"We gotta update Charlie's subscription — then credit Alice's account, and lastly email Alice the update.",98,neg_292,add_edge,update_subscription;process_refund;send_notification,0->1;1->2;0->2,"process_refund -> send_notification, update_subscription -> process_refund, update_subscription -> send_notification"
"We gotta update Charlie's subscription — then credit Alice's account, and lastly email Alice the update.",98,neg_293,extra_node,update_subscription;process_refund;send_notification;enable_feature_flag,0->1;1->2;0->3,"process_refund -> send_notification, update_subscription -> enable_feature_flag, update_subscription -> process_refund"
"Strip Bob's access, refresh the token, and make an audit trail.",44,neg_294,swap_edges,revoke_access;rotate_api_key;log_audit_event,0->1;0->2,"revoke_access -> log_audit_event, revoke_access -> rotate_api_key"
"Strip Bob's access, refresh the token, and make an audit trail.",44,neg_295,swap_tools,db_write;enable_feature_flag;transfer_ownership,0->1;1->2,"db_write -> enable_feature_flag, enable_feature_flag -> transfer_ownership"
"Strip Bob's access, refresh the token, and make an audit trail.",44,neg_296,remove_edge,revoke_access;rotate_api_key;log_audit_event,0->1,revoke_access -> rotate_api_key
"Strip Bob's access, refresh the token, and make an audit trail.",44,neg_297,add_edge,revoke_access;rotate_api_key;log_audit_event,0->1;1->2;0->2,"revoke_access -> log_audit_event, revoke_access -> rotate_api_key, rotate_api_key -> log_audit_event"
"Strip Bob's access, refresh the token, and make an audit trail.",44,neg_298,extra_node,revoke_access;rotate_api_key;log_audit_event;deploy_container,0->1;1->2;3->2,"deploy_container -> log_audit_event, revoke_access -> rotate_api_key, rotate_api_key -> log_audit_event"
"Ticket INC-4021 says transfer ownership of cdn-edge-06 to Charlie. Once that's done, bust the cache on staging-db-02.",229,neg_299,swap_tools,restart_service;quarantine_system,0->1,restart_service -> quarantine_system
"Ticket INC-4021 says transfer ownership of cdn-edge-06 to Charlie. Once that's done, bust the cache on staging-db-02.",229,neg_300,extra_node,transfer_ownership;invalidate_cache;send_notification,0->1;2->0,"send_notification -> transfer_ownership, transfer_ownership -> invalidate_cache"
"From Marketing: sweep prod-web-01 for IOCs. Next, book a maintenance window for prod-web-01.",193,neg_301,swap_tools,schedule_maintenance;approve_access,0->1,schedule_maintenance -> approve_access
"From Marketing: sweep prod-web-01 for IOCs. Next, book a maintenance window for prod-web-01.",193,neg_302,extra_node,scan_malware;schedule_maintenance;db_write,0->1;0->2,"scan_malware -> db_write, scan_malware -> schedule_maintenance"
"Quick one — execute the build pipeline for ml-infer-05. Next, push the changes for Eve to the DB. To wrap up, deploy a server for Marketing.",316,neg_303,swap_edges,run_pipeline;db_write;provision_vm,1->2;2->0,"db_write -> provision_vm, provision_vm -> run_pipeline"
"Quick one — execute the build pipeline for ml-infer-05. Next, push the changes for Eve to the DB. To wrap up, deploy a server for Marketing.",316,neg_304,swap_tools,restart_service;db_write;invalidate_cache,0->1;1->2,"db_write -> invalidate_cache, restart_service -> db_write"
"Quick one — execute the build pipeline for ml-infer-05. Next, push the changes for Eve to the DB. To wrap up, deploy a server for Marketing.",316,neg_305,remove_edge,run_pipeline;db_write;provision_vm,1->2,db_write -> provision_vm
"Quick one — execute the build pipeline for ml-infer-05. Next, push the changes for Eve to the DB. To wrap up, deploy a server for Marketing.",316,neg_306,add_edge,run_pipeline;db_write;provision_vm,0->1;1->2;0->2,"db_write -> provision_vm, run_pipeline -> db_write, run_pipeline -> provision_vm"
"Quick one — execute the build pipeline for ml-infer-05. Next, push the changes for Eve to the DB. To wrap up, deploy a server for Marketing.",316,neg_307,extra_node,run_pipeline;db_write;provision_vm;create_ticket,0->1;1->2;0->3,"db_write -> provision_vm, run_pipeline -> create_ticket, run_pipeline -> db_write"
"ASAP — bring in tier-2 support for Diana. After that, bump the capacity on payment-api-03.",176,neg_308,swap_tools,provision_vm;restore_backup,0->1,provision_vm -> restore_backup
"ASAP — bring in tier-2 support for Diana. After that, bump the capacity on payment-api-03.",176,neg_309,extra_node,escalate_to_human;scale_service;process_refund,0->1;2->0,"escalate_to_human -> scale_service, process_refund -> escalate_to_human"
"Verify staging-db-02 is down, bounce it while waking up on-call, then file a master ticket.",15,neg_310,swap_edges,check_status;restart_service;escalate_to_human;create_ticket,3->0;3->1;0->1;2->1,"check_status -> restart_service, create_ticket -> check_status, create_ticket -> restart_service, escalate_to_human -> restart_service"
"Verify staging-db-02 is down, bounce it while waking up on-call, then file a master ticket.",15,neg_311,swap_tools,db_write;transfer_ownership;provision_vm;quarantine_system,0->1;0->2;1->3;2->3,"db_write -> provision_vm, db_write -> transfer_ownership, provision_vm -> quarantine_system, transfer_ownership -> quarantine_system"
"Verify staging-db-02 is down, bounce it while waking up on-call, then file a master ticket.",15,neg_312,remove_edge,check_status;restart_service;escalate_to_human;create_ticket,0->1;1->3;2->3,"check_status -> restart_service, escalate_to_human -> create_ticket, restart_service -> create_ticket"
"Verify staging-db-02 is down, bounce it while waking up on-call, then file a master ticket.",15,neg_313,add_edge,check_status;restart_service;escalate_to_human;create_ticket,0->1;0->2;1->3;2->3;0->3,"check_status -> create_ticket, check_status -> escalate_to_human, check_status -> restart_service, escalate_to_human -> create_ticket, restart_service -> create_ticket"
"Verify staging-db-02 is down, bounce it while waking up on-call, then file a master ticket.",15,neg_314,extra_node,check_status;restart_service;escalate_to_human;create_ticket;quarantine_system,0->1;0->2;1->3;2->3;4->3,"check_status -> escalate_to_human, check_status -> restart_service, escalate_to_human -> create_ticket, quarantine_system -> create_ticket, restart_service -> create_ticket"
"For the Engineering team, pull Alice's data. Next, pass prod-web-01 to Eve. To wrap up, blast an alert to Marketing.",373,neg_315,swap_edges,db_read;transfer_ownership;send_notification,0->1;2->0,"db_read -> transfer_ownership, send_notification -> db_read"
"For the Engineering team, pull Alice's data. Next, pass prod-web-01 to Eve. To wrap up, blast an alert to Marketing.",373,neg_316,swap_tools,rotate_api_key;create_ticket;invalidate_cache,0->1;1->2,"create_ticket -> invalidate_cache, rotate_api_key -> create_ticket"
"For the Engineering team, pull Alice's data. Next, pass prod-web-01 to Eve. To wrap up, blast an alert to Marketing.",373,neg_317,remove_edge,db_read;transfer_ownership;send_notification,1->2,transfer_ownership -> send_notification
"For the Engineering team, pull Alice's data. Next, pass prod-web-01 to Eve. To wrap up, blast an alert to Marketing.",373,neg_318,add_edge,db_read;transfer_ownership;send_notification,0->1;1->2;0->2,"db_read -> send_notification, db_read -> transfer_ownership, transfer_ownership -> send_notification"
"For the Engineering team, pull Alice's data. Next, pass prod-web-01 to Eve. To wrap up, blast an alert to Marketing.",373,neg_319,extra_node,db_read;transfer_ownership;send_notification;escalate_to_human,0->1;1->2;3->0,"db_read -> transfer_ownership, escalate_to_human -> db_read, transfer_ownership -> send_notification"
"Bob is asking us to file a bug about staging-db-02. After that, sweep payment-api-03 for IOCs.",214,neg_320,swap_tools,process_refund;generate_report,0->1,process_refund -> generate_report
"Bob is asking us to file a bug about staging-db-02. After that, sweep payment-api-03 for IOCs.",214,neg_321,extra_node,create_ticket;scan_malware;schedule_maintenance,0->1;0->2,"create_ticket -> scan_malware, create_ticket -> schedule_maintenance"
